Date,Index
2018-01-03,0.0013351991886096926
2018-01-04,0.008359510225014466
2018-01-05,0.005391178303050248
2018-01-08,0.003895233397832376
2018-01-09,-0.006487862029000091
2018-01-10,-0.008406877662811896
2018-01-11,0.01488472014424369
2018-01-12,-0.00020160020160020498
2018-01-15,0.005078828970749516
2018-01-16,0.0010031096398837036
2018-01-17,0.016998196212045347
2018-01-18,-0.0027836283240340043
2018-01-19,0.0031742894902608843
2018-01-22,0.005602068456045384
2018-01-23,-0.01220691766146309
2018-01-24,0.03720964823124029
2018-01-26,0.022119980879541146
2018-01-29,-0.00973915890145094
2018-01-30,-0.0025502373137500367
2018-01-31,0.005101678464051407
2018-02-01,0.00685407417003292
2018-02-02,-0.017006842505409625
2018-02-05,-0.025939719898620872
2018-02-06,0.024834780909102072
2018-02-07,-0.013433618613965193
2018-02-08,-0.014909323764302207
2018-02-09,-0.007775992542896737
2018-02-14,0.03268272784583237
2018-02-15,0.008953473061776629
2018-02-16,0.0027760970922161565
2018-02-19,0.0031706595681750827
2018-02-20,0.011923154033941508
2018-02-21,0.002890308144142484
2018-02-22,0.007367638172267821
2018-02-23,0.00700228410585324
2018-02-26,0.004124042019405971
2018-02-27,-0.008191391053358088
2018-02-28,-0.016725139472019368
2018-03-01,-0.0012049461283794027
2018-03-02,0.004485933144369847
2018-03-05,0.0030550016907451294
2018-03-06,-0.004301175267079738
2018-03-07,-0.0019730774170197973
2018-03-08,-0.005837349679472137
2018-03-09,0.016308760369476927
2018-03-12,0.0061247409431406385
2018-03-13,-0.00593785960874571
2018-03-14,-0.0038548805334320813
2018-03-15,-0.013050400343982083
2018-03-16,-0.0004945365486058728
2018-03-19,-0.011462431967580011
2018-03-20,0.002991193259685554
2018-03-21,0.009659711990875008
2018-03-22,-0.0024594890382103607
2018-03-23,-0.004612589656474153
2018-03-26,0.008426466928191267
2018-03-27,-0.015043249341857856
2018-03-28,0.0007875143184421507
2018-03-29,0.01778858764336988
2018-04-02,-0.008199985942881294
2018-04-03,-0.0005078780147874662
2018-04-04,-0.0031079021069921886
2018-04-05,0.01007586533902316
2018-04-06,-0.0045769275906584195
2018-04-09,-0.017837774109879745
2018-04-10,0.014440563217976932
2018-04-11,0.008709028517335238
2018-04-12,0.002322689627665797
2018-04-13,-0.012990964842469976
2018-04-16,-0.01745440747503968
2018-04-17,0.014771547874779856
2018-04-18,0.020098470613419517
2018-04-19,0.0005595970900951208
2018-04-20,-0.0031925801640566576
2018-04-23,0.0006078316773816539
2018-04-24,-0.0015537020163080006
2018-04-25,-0.004972563151552034
2018-04-26,0.01574479093175296
2018-04-27,0.0007177338133661504
2018-04-30,-0.0038174561860142564
2018-05-02,-0.018208209951808607
2018-05-03,-0.014891125646090297
2018-05-04,-0.00204111036403809
2018-05-07,-0.004860559686229227
2018-05-08,0.0029257441303769394
2018-05-09,0.01577944934664166
2018-05-10,0.018940248027057516
2018-05-11,-0.0074655547920475795
2018-05-14,0.0001408120159587245
2018-05-15,-0.0011967336211751167
2018-05-16,0.016527663573358442
2018-05-17,-0.03368501334689211
2018-05-18,-0.006457630767022993
2018-05-21,-0.01524999398184923
2018-05-22,0.0112937725355986
2018-05-23,-0.022625364096737988
2018-05-24,-0.009212657820866332
2018-05-25,-0.015276703027882532
2018-05-28,-0.04489340667697539
2018-05-29,0.009501565900525533
2018-05-30,0.008965190871805584
2018-06-01,0.006331917554785349
2018-06-04,0.017555670636975718
2018-06-05,-0.0248613160975113
2018-06-06,-0.006850030009655228
2018-06-07,-0.02976995940460081
2018-06-08,-0.012308567250274183
2018-06-11,-0.008691837350223497
2018-06-12,0.006168058859324033
2018-06-13,-0.008686807598207613
2018-06-14,-0.009719641718199723
2018-06-15,-0.009282983996303562
2018-06-18,-0.013327114955199448
2018-06-19,0.022616916135500986
2018-06-20,0.010210942095974396
2018-06-21,-0.02839593472262658
2018-06-22,0.008077060292543736
2018-06-25,0.004416698517857975
2018-06-26,0.006370414217862441
2018-06-27,-0.011147678733982258
2018-06-28,0.016400175615006507
2018-06-29,0.0138782448757786
2018-07-02,0.0010582301444415076
2018-07-03,0.011367380560131757
2018-07-04,0.014592496063419613
2018-07-05,-0.002542044071016658
2018-07-06,0.006129867342695716
2018-07-10,-0.001973070257298981
2018-07-11,-0.006184713205631742
2018-07-12,0.01958359655371722
2018-07-13,0.009728960134992581
2018-07-16,0.0007702953233934551
2018-07-17,0.019268652238007666
2018-07-18,-0.009816971713810352
2018-07-19,0.0016028333958093555
2018-07-20,0.01398944339050412
2018-07-23,-0.007318221735754915
2018-07-24,0.01485973639673821
2018-07-25,0.013429347482786902
2018-07-26,-0.010134882445336446
2018-07-27,0.005805679743089209
2018-07-30,0.005133598777953052
2018-07-31,-0.013154616572823796
2018-08-01,0.0010350921484474362
2018-08-02,0.004224357519356348
2018-08-03,0.022577445157401677
2018-08-06,-0.0047154172039050035
2018-08-07,-0.008685889131534452
2018-08-08,-0.014872988412759636
2018-08-09,-0.004851425106124907
2018-08-10,-0.02861568149502336
2018-08-13,0.012834252555087966
2018-08-14,0.014271704346030756
2018-08-15,-0.01938881962291039
2018-08-16,-0.003360232491761539
2018-08-17,-0.010283914135825745
2018-08-20,0.003932709887016772
2018-08-21,-0.015040352164343407
2018-08-22,0.022905027932960786
2018-08-23,-0.016488517853891937
2018-08-24,0.008303144088637415
2018-08-27,0.02187196769033073
2018-08-28,-0.005864237135891237
2018-08-29,0.011823473984484911
2018-08-30,-0.02532243044304683
2018-08-31,0.0035861996754096293
2018-09-03,-0.006325151934061912
2018-09-04,-0.019437481133437462
2018-09-05,0.005086197665703063
2018-09-06,0.017631705108400286
2018-09-10,0.00026172529313228665
2018-09-11,-0.023274373331937825
2018-09-12,0.006268668711574277
2018-09-13,-0.005830282861896796
2018-09-14,0.009934794542557635
2018-09-17,0.018030200585981593
2018-09-18,0.019859615309484324
2018-09-19,-0.00185152080087847
2018-09-20,-0.0006780181401834229
2018-09-21,0.01700035844129233
2018-09-24,-0.01837772519007097
2018-09-25,0.008283750512925625
2018-09-26,0.0003306625969732302
2018-09-27,0.01708706265256299
2018-09-28,-0.008225000000000038
2018-10-01,-0.00904943157470195
2018-10-02,0.03800366300366309
2018-10-03,0.020352399156986722
2018-10-04,-0.0038427821742942347
2018-10-05,-0.007606717056646506
2018-10-08,0.0456985981876048
2018-10-09,4.6466242275000624e-05
2018-10-10,-0.02798299414552552
2018-10-11,-0.009058425650402158
2018-10-15,0.005294195680225711
2018-10-16,0.028286948176583504
2018-10-17,0.0005366434121187869
2018-10-18,-0.022352035819224847
2018-10-19,0.004448578959294958
2018-10-22,0.016350035620992687
2018-10-23,-0.003469747771534082
2018-10-24,-0.02621336459554513
2018-10-25,0.012279687951459062
2018-10-26,0.01945673374244805
2018-10-29,-0.02243350443303782
2018-10-30,0.03686289485303762
2018-10-31,0.006192021729622743
2018-11-01,0.011381314055636915
2018-11-05,0.013334238116242014
2018-11-06,-0.010368535011942237
2018-11-07,-0.010770393260327693
2018-11-08,-0.023873041931732675
2018-11-09,0.00024526979677652605
2018-11-12,-0.0013544914235004146
2018-11-13,-0.0071441099093831895
2018-11-14,0.012471441693949092
2018-11-16,0.029567422330266435
2018-11-19,-0.006936677399310809
2018-11-21,-0.007189906826998604
2018-11-22,0.002383435125875133
2018-11-23,-0.014255175646169849
2018-11-26,-0.007920677258494768
2018-11-27,0.02740014261166368
2018-11-28,0.015473711756607722
2018-11-29,0.0051427995204536
2018-11-30,-0.0022962880392375373
2018-12-03,0.0035305684662136905
2018-12-04,-0.013315519928746355
2018-12-05,0.00469398808449184
2018-12-06,-0.0021787960467205547
2018-12-07,-0.008227719874839612
2018-12-10,-0.02496737218407763
2018-12-11,0.005877902578129479
2018-12-12,0.006445267299236335
2018-12-13,0.009899168745760356
2018-12-14,-0.004417222614358285
2018-12-17,-0.012006861063464824
2018-12-18,0.0024305555555554914
2018-12-19,-0.010807066158642242
2018-12-20,-0.0047272217942433414
2018-12-21,0.005019409163939947
2018-12-26,-0.006546320174568576
2018-12-27,0.003805675624882543
2018-12-28,0.028399251111631107
2019-01-02,0.035557022085177525
2019-01-03,0.006065134268008698
2019-01-04,0.0030252064130007472
2019-01-07,-0.0015461504121253578
2019-01-08,0.003631446362555746
2019-01-09,0.017178807371349025
2019-01-10,0.0020616794675953898
2019-01-11,-0.0015777242393876234
2019-01-14,0.008712549915650625
2019-01-15,-0.0044244977454114265
2019-01-16,0.003582971846559424
2019-01-17,0.010149057663174199
2019-01-18,0.007823724974043378
2019-01-21,-0.0009053352341904519
2019-01-22,-0.009446932611186343
2019-01-23,0.015299201917920557
2019-01-24,0.011588889579320139
2019-01-28,-0.022861062481443928
2019-01-29,0.0020430828548678726
2019-01-30,0.014188772362738966
2019-01-31,0.00410326199018507
2019-02-01,0.00479495656816642
2019-02-04,0.007439122837493928
2019-02-05,-0.0028197871973546507
2019-02-06,-0.03738137136230946
2019-02-07,-0.002430364766050963
2019-02-08,0.009925216617587829
2019-02-11,-0.009754255687360325
2019-02-12,0.018588541832162964
2019-02-13,-0.0033899010065718826
2019-02-14,0.022672732205087476
2019-02-15,-0.004989032290975914
2019-02-18,-0.010417734757910746
2019-02-19,0.011905502020516101
2019-02-20,-0.011407038777788037
2019-02-21,0.0040084934486508406
2019-02-22,0.009841951058473963
2019-02-25,-0.006599513720041639
2019-02-26,0.0037330316742081315
2019-02-27,-0.0030326936672028237
2019-02-28,-0.017706845345144773
2019-03-01,-0.01025276196853031
2019-03-06,-0.0040907361210942295
2019-03-07,0.0013054968848509318
2019-03-08,0.010864956540173942
2019-03-11,0.0279138048550307
2019-03-12,-0.002030052944596905
2019-03-13,0.010998896021588989
2019-03-14,-0.0030231335436382567
2019-03-15,0.005395263931849303
2019-03-18,0.00864460292322744
2019-03-19,-0.004060243614616876
2019-03-20,-0.015534000080331012
2019-03-21,-0.013382156444752713
2019-03-22,-0.03095245479638986
2019-03-25,-0.0007787912732704072
2019-03-26,0.017563152612585675
2019-03-27,-0.03571615935870398
2019-03-28,0.027050259512747088
2019-03-29,0.010869910688745543
2019-04-01,0.006697060210658634
2019-04-02,-0.006944010660670075
2019-04-03,-0.009393313554257876
2019-04-04,0.01928225968610775
2019-04-05,0.008254337420701363
2019-04-08,0.002687729126333638
2019-04-09,-0.01106101531288195
2019-04-10,-0.0035205416857059246
2019-04-11,-0.012485279251300163
2019-04-12,-0.019840641654793933
2019-04-15,0.0022395693135934813
2019-04-16,0.013428875304835497
2019-04-17,-0.011109579892508492
2019-04-18,0.013860749316610299
2019-04-22,0.00010573283427439684
2019-04-23,0.014113841079206768
2019-04-24,-0.009153174942401754
2019-04-25,0.015855647324951372
2019-04-26,-0.0032728477918634313
2019-04-29,-0.000498773847624645
2019-04-30,0.0017153906932256824
2019-05-02,-0.008562265835002525
2019-05-03,0.0050247047985931825
2019-05-06,-0.010405382884759562
2019-05-07,-0.006525697565493815
2019-05-08,0.01279810147368865
2019-05-09,-0.008253397073129887
2019-05-10,-0.005801198211121461
2019-05-13,-0.026851832205223913
2019-05-14,0.003979199145289769
2019-05-15,-0.005092733353602941
2019-05-16,-0.017451949837922753
2019-05-17,-0.0003443526170798794
2019-05-20,0.021701687909059686
2019-05-21,0.02761403432449483
2019-05-22,-0.001312377626078165
2019-05-23,-0.004779516961456509
2019-05-24,-0.0030028750931743176
2019-05-27,0.01320117913444685
2019-05-28,0.016117810760667872
2019-05-29,0.0018051103295881887
2019-05-30,0.009216398976876095
2019-05-31,-0.004381419497829775
2019-06-03,-0.00010306090899725451
2019-06-04,0.0037105751391466324
2019-06-05,-0.014181556787841498
2019-06-06,0.012562630860738055
2019-06-07,0.006337122575999166
2019-06-10,-0.0036188548471187687
2019-06-11,0.015318005068382101
2019-06-12,-0.006457154405820509
2019-06-13,0.004607357532978806
2019-06-14,-0.007431105351610734
2019-06-17,-0.004253365973072243
2019-06-18,0.01824365159849628
2019-06-19,0.009043901653857045
2019-06-21,0.017048343519137088
2019-06-24,0.0004803309382137577
2019-06-25,-0.01929219494033041
2019-06-26,0.005954462350014511
2019-06-27,0.0003476050015394083
2019-06-28,0.00241253325920332
2019-07-01,0.0036942763477174623
2019-07-02,-0.007252812314979318
2019-07-03,0.014293524178718764
2019-07-04,0.015611065923189171
2019-07-05,0.004371067968659492
2019-07-08,0.004236758927456341
2019-07-10,0.012312254855065596
2019-07-11,-0.006341136112344881
2019-07-12,-0.011793125748958633
2019-07-15,-0.0009912805805246672
2019-07-16,-0.0002697417223008758
2019-07-17,0.000780534810888911
2019-07-18,0.008290325065475335
2019-07-19,-0.012080178003571529
2019-07-22,0.004804160383559575
2019-07-23,-0.002356925030543855
2019-07-24,0.004011417110236781
2019-07-25,-0.014070303495966163
2019-07-26,0.0015975841410549307
2019-07-29,0.006457950378821131
2019-07-30,-0.005314882637727947
2019-07-31,-0.01089057930887083
2019-08-01,0.0030841158213177344
2019-08-02,0.00536592052954199
2019-08-05,-0.025089117011122597
2019-08-06,0.020639773022437913
2019-08-07,0.006049097529462477
2019-08-08,0.012969196941098549
2019-08-09,-0.0011429669115881058
2019-08-12,-0.02001038501480823
2019-08-13,0.013579944071039574
2019-08-14,-0.029438813541273423
2019-08-15,-0.01197909393764085
2019-08-16,0.007561303088120974
2019-08-19,-0.003376550507985465
2019-08-20,-0.0024831857161528026
2019-08-21,0.01995525185946656
2019-08-22,-0.011768542123673398
2019-08-23,-0.02343742188359277
2019-08-26,-0.012665485783324937
2019-08-27,0.008773203359950132
2019-08-28,0.009437065668818523
2019-08-29,0.02372853738517633
2019-08-30,0.006078150491424905
2019-09-02,-0.005032876847777756
2019-09-03,-0.009391211019020962
2019-09-04,0.015248643171717813
2019-09-05,0.010296340945247673
2019-09-06,0.006768189509306355
2019-09-09,0.0023898576771748115
2019-09-10,-0.0014440643141663267
2019-09-11,0.00401816911250874
2019-09-12,0.00894186338766123
2019-09-13,-0.008335648791330974
2019-09-16,0.0017294518893538058
2019-09-17,0.00903742283950626
2019-09-18,-0.0008124874542377869
2019-09-19,-0.0018463245704664066
2019-09-20,0.004581220828261623
2019-09-23,-0.001707738248566515
2019-09-24,-0.00728224927846477
2019-09-25,0.0058242519927607095
2019-09-26,0.00802059704635294
2019-09-27,-0.002288286064242917
2019-09-30,-0.0031690744018728623
2019-10-01,-0.006606520597641885
2019-10-02,-0.029042891603317522
2019-10-03,0.0048005067751482056
2019-10-04,0.010195437172465516
2019-10-07,-0.019287964037405736
2019-10-08,-0.005886271663368858
2019-10-09,0.01268240965783507
2019-10-10,0.0056099319499451905
2019-10-11,0.019790408281524785
2019-10-14,0.004526542876954975
2019-10-15,0.0018024582462465855
2019-10-16,0.008929084122882625
2019-10-17,-0.0038606376217713567
2019-10-18,-0.0027329168888550193
2019-10-21,0.01234615054091992
2019-10-22,0.0128180943577747
2019-10-23,0.0015179594155390053
2019-10-24,-0.005188573979022504
2019-10-25,0.00353317256463459
2019-10-28,0.007665511717149132
2019-10-29,-0.005832493737694899
2019-10-30,0.007921454870021272
2019-10-31,-0.01095860084126632
2019-11-01,0.00910277933221404
2019-11-04,0.003743206772893748
2019-11-05,-0.0013812027513558922
2019-11-06,-0.0010603867184257876
2019-11-07,0.011492024811696977
2019-11-08,-0.017813307051404936
2019-11-11,0.005444629235614951
2019-11-12,-0.013214434228156935
2019-11-13,-0.008156576298169238
2019-11-14,0.006070963234322102
2019-11-18,-0.0019707762042849852
2019-11-19,-0.0068549183333803665
2019-11-21,0.017790528129674854
2019-11-22,0.011116589300166568
2019-11-25,-0.0024656828469437064
2019-11-26,-0.012589463587397653
2019-11-27,0.006062077919651854
2019-11-28,0.0054034983473836284
2019-11-29,-0.000526364391910561
2019-12-02,0.00765016215017611
2019-12-03,-0.0009627639577850511
2019-12-04,0.012344432615000622
2019-12-05,0.0029102184023717115
2019-12-06,0.004556055757444222
2019-12-09,-0.0013408203300757648
2019-12-10,-0.002748317218883245
2019-12-11,0.0026384270637560547
2019-12-12,0.01113874770195733
2019-12-13,0.0032531194295899457
2019-12-16,-0.005943232798827358
2019-12-17,0.006434546364481264
2019-12-18,0.015086666193080855
2019-12-19,0.007138170843721259
2019-12-20,-8.685757962667573e-05
2019-12-23,0.006445392239469827
2019-12-26,0.01156538325436074
2019-12-27,-0.0057080450159125995
2019-12-30,-0.0048912763656958624
2020-01-02,0.022498361560484348
2020-01-03,-0.007303517664223769
2020-01-06,-0.007042911636521154
2020-01-07,-0.0018480809048752045
2020-01-08,-0.0035572851485488055
2020-01-09,-0.0025807117603035
2020-01-10,-0.0038293358172268865
2020-01-13,0.015774482048085403
2020-01-14,0.002616663115277973
2020-01-15,-0.010354325353645222
2020-01-16,0.0024911093167487852
2020-01-17,0.015200850013709966
2020-01-20,0.0032411080538159442
2020-01-21,-0.01544648415809935
2020-01-22,0.011664074650077794
2020-01-23,0.00960377055688344
2020-01-24,-0.009637909109162734
2020-01-27,-0.03289518145570047
2020-01-28,0.01744379029017673
2020-01-29,-0.009392250963693005
2020-01-30,0.001239329202235906
2020-01-31,-0.015294993421508196
2020-02-03,0.007630031381580693
2020-02-04,0.00809568259340998
2020-02-05,0.004075910589579124
2020-02-06,-0.00722239459440821
2020-02-07,-0.012327458980814332
2020-02-10,-0.010547596027072115
2020-02-11,0.024882295460602277
2020-02-12,0.01129399935859099
2020-02-13,-0.008673740507739502
2020-02-14,-0.01107537479898324
2020-02-17,0.008113235589827017
2020-02-18,-0.0028792201822928076
2020-02-19,0.013402680536107159
2020-02-20,-0.016581129095933678
2020-02-21,-0.007897998010228169
2020-02-26,-0.07004688558334282
2020-02-27,-0.025861253523524863
2020-02-28,0.011535772547191847
2020-03-02,0.023547594363168667
2020-03-03,-0.010203985932004667
2020-03-04,0.01598491524299539
2020-03-05,-0.04654741475789004
2020-03-06,-0.04143476176968297
2020-03-09,-0.12173842056389483
2020-03-10,0.07142110216459274
2020-03-11,-0.0763766890060078
2020-03-12,-0.147796785290768
2020-03-13,0.13908215422344083
2020-03-16,-0.1392147850697888
2020-03-17,0.048462792266187105
2020-03-18,-0.10348848117721166
2020-03-19,0.02148142611555426
2020-03-20,-0.01848328747878003
2020-03-23,-0.052170153125885244
2020-03-24,0.09688532326569144
2020-03-25,0.07496163719542803
2020-03-26,0.036741555045626706
2020-03-27,-0.055089435079140436
2020-03-30,0.016492121641313418
2020-03-31,-0.02170418006430863
2020-04-01,-0.0281155847712955
2020-04-02,0.01812109853875743
2020-04-03,-0.03757629440992072
2020-04-06,0.06521614081509397
2020-04-07,0.030847947295235878
2020-04-08,0.029689096099950296
2020-04-09,-0.011993640699523023
2020-04-13,0.014855436265801547
2020-04-14,0.013724694302095442
2020-04-15,-0.013601441477514409
2020-04-16,-0.012926386827517122
2020-04-17,0.015139053102349198
2020-04-20,-0.00021521711609062688
2020-04-22,0.02170362022463368
2020-04-23,-0.012567080198792824
2020-04-24,-0.05449775959233372
2020-04-27,0.038602965578579784
2020-04-28,0.03927708687483222
2020-04-29,0.022862554112554223
2020-04-30,-0.03204241863149415
2020-05-04,-0.02024693811641365
2020-05-05,0.007543485977990816
2020-05-06,-0.005121365026235947
2020-05-07,-0.01195234240615195
2020-05-08,0.02744530779963905
2020-05-11,-0.014925931001831483
2020-05-12,-0.01508885094542467
2020-05-13,-0.0012841586192726684
2020-05-14,0.015931183459342746
2020-05-15,-0.018402500917593767
2020-05-18,0.04689454207872923
2020-05-19,-0.005566913811365426
2020-05-20,0.007146218820440309
2020-05-21,0.021003701471980607
2020-05-22,-0.010285810639912296
2020-05-25,0.04247137137502577
2020-05-26,-0.002264688371875878
2020-05-27,0.028981268062104437
2020-05-28,-0.011336501944374966
2020-05-29,0.005221451655568199
2020-06-01,0.013924007185108112
2020-06-02,0.027375310313698886
2020-06-03,0.021483645629681636
2020-06-04,0.008892281886411002
2020-06-05,0.008611410118406937
2020-06-08,0.0317846085569069
2020-06-09,-0.009196579445952202
2020-06-10,-0.021302986139105085
2020-06-12,-0.019971273472319084
2020-06-15,-0.004515329489735431
2020-06-16,0.012503247596778344
2020-06-17,0.02155435096385161
2020-06-18,0.006049378839733333
2020-06-19,0.004650195058517603
2020-06-22,-0.012798740835853084
2020-06-23,0.006702609717210706
2020-06-24,-0.0166501693149258
2020-06-25,0.017016857920891804
2020-06-26,-0.02238938145296565
2020-06-29,0.020259181107061375
2020-06-30,-0.007092494907818492
2020-07-01,0.012066571284295557
2020-07-02,0.0003326299595647342
2020-07-03,0.0055073517950849915
2020-07-06,0.022446132382576423
2020-07-07,-0.011886351920919358
2020-07-08,0.02055011712236987
2020-07-09,-0.006114062343389848
2020-07-10,0.008793868495361012
2020-07-13,-0.013345729366602721
2020-07-14,0.017660111249582
2020-07-15,0.013450816407805766
2020-07-16,-0.012162175437907097
2020-07-17,0.02322158463695767
2020-07-20,0.01494829328979086
2020-07-21,-0.0011108344665121672
2020-07-22,-0.0001917361710286336
2020-07-23,-0.01914852814267909
2020-07-24,0.000870049759025493
2020-07-27,0.020462581313121397
2020-07-28,-0.0035223063449371095
2020-07-29,0.014369554985639965
2020-07-30,-0.005643672174612924
2020-07-31,-0.019969716881410138
2020-08-03,-0.0007967972636815368
2020-08-04,-0.0156958086161626
2020-08-05,0.015669459374012096
2020-08-06,0.012879126865236179
2020-08-07,-0.012965061560033075
2020-08-10,0.006499571884486688
2020-08-11,-0.012277174123197065
2020-08-12,-0.0005480846399279482
2020-08-13,-0.01622632640670596
2020-08-14,0.008879067498830384
2020-08-17,-0.017345317849496333
2020-08-18,0.024800441789246452
2020-08-19,-0.011864987997844523
2020-08-20,0.006088008408194012
2020-08-21,0.0005223321638347933
2020-08-24,0.007653588912638787
2020-08-25,-0.0017595651918903554
2020-08-26,-0.014600755988170566
2020-08-27,-2.9813072038309407e-05
2020-08-28,0.015095802194307506
2020-08-31,-0.0271580039748196
2020-09-01,0.028167738429490052
2020-09-02,-0.002515464724767047
2020-09-03,-0.01167685529530671
2020-09-04,0.005172704798403593
2020-09-08,-0.011773769779340637
2020-09-09,0.012413793103448256
2020-09-10,-0.024256604667693416
2020-09-11,-0.004775636161278851
2020-09-14,0.019438203389485986
2020-09-15,0.00022936923460492586
2020-09-16,-0.00620151947197356
2020-09-17,0.0042337172438702275
2020-09-18,-0.01806229894703193
2020-09-21,-0.013215993488655986
2020-09-22,0.003124001195987214
2020-09-23,-0.016023598577507348
2020-09-24,0.013338904266986917
2020-09-25,-0.0001340040407372678
2020-09-28,-0.024051794348395328
2020-09-29,-0.011471911774026622
2020-09-30,0.010931823039110888
2020-10-01,0.00925974863376422
2020-10-02,-0.015322741126320927
2020-10-05,0.02204943839346485
2020-10-06,-0.004932926765810808
2020-10-07,-0.0009308162945144138
2020-10-08,0.025061239871867258
2020-10-09,-0.004462826797385633
2020-10-13,0.010463362842752177
2020-10-14,0.008436291280468522
2020-10-15,-0.0028187730283689705
2020-10-16,-0.007521150079754513
2020-10-19,0.0035500310246263656
2020-10-20,0.019075999918911846
2020-10-21,0.00011935548040575839
2020-10-22,0.013585010740711168
2020-10-23,-0.0064561706469906666
2020-10-26,-0.0023997629863716785
2020-10-27,-0.013967945989288966
2020-10-28,-0.04253759813665847
2020-10-29,0.012719017710157487
2020-10-30,-0.02723074693006977
2020-11-03,0.017402503405994585
2020-11-04,0.023266762216619385
2020-11-05,0.03029311631616083
2020-11-06,0.00024807986186914377
2020-11-09,0.03089316362265504
2020-11-10,0.013838499514016611
2020-11-11,-0.00777401258649657
2020-11-12,-0.022548119236214803
2020-11-13,0.02287252263273798
2020-11-16,0.018351959583588595
2020-11-17,0.007507281781452546
2020-11-18,-0.0069570731798300756
2020-11-19,0.00031929979433331646
2020-11-23,0.008092604936301262
2020-11-24,0.022415928626640325
2020-11-25,0.003160694441914247
2020-11-26,0.0008535134791569643
2020-11-27,0.0031571212134957616
2020-11-30,-0.015256613158489696
2020-12-01,0.022472632429652473
2020-12-02,0.00430233080343112
2020-12-03,0.009882483409948684
2020-12-04,0.006757055942755441
2020-12-07,-0.0005013986383068936
2020-12-08,-0.00047524752475247567
2020-12-09,-0.007475499907546812
2020-12-10,0.02013803871471409
2020-12-11,0.002878461110338071
2020-12-14,-0.0030176114044899727
2020-12-15,0.010184822787562497
2020-12-16,0.01550634546174634
2020-12-17,0.0017804607154061625
2020-12-18,-0.004045464932251108
2020-12-21,-0.01413166325342674
2020-12-22,0.002861674251827262
2020-12-23,0.01296971155499027
2020-12-28,0.010130921370813839
2020-12-29,0.0035614988534324876
2020-12-30,-0.0014145218664992631
2021-01-04,-0.006269592476489061
2021-01-05,0.005609068978896348
2021-01-06,0.005267440007381108
2021-01-07,0.017563474647687594
2021-01-08,0.025591196825084372
2021-01-11,-0.01814882032667875
2021-01-12,0.009698144242592077
2021-01-13,-0.015790577267375316
2021-01-14,0.011807604064241195
2021-01-15,-0.024125169054348472
2021-01-18,0.006140976913246332
2021-01-19,-0.004693093152537853
2021-01-20,-0.007996817846577131
2021-01-21,-0.010567380626190448
2021-01-22,-0.01073090009540456
2021-01-26,-0.00604239920800187
2021-01-27,-0.004997252369831062
2021-01-28,0.02961633385685447
2021-01-29,-0.027716780930988838
2021-02-01,0.011706190143698114
2021-02-02,0.007404251693434949
2021-02-03,0.012610585787506068
2021-02-04,-0.003875548131133888
2021-02-05,0.005567620596842238
2021-02-08,-0.0034104648738795262
2021-02-09,-0.0007279360085679087
2021-02-10,-0.008364802518651238
2021-02-11,0.006797264206704456
2021-02-12,-0.0009980291021931542
2021-02-17,0.01070385170757926
2021-02-18,-0.01039114219501458
2021-02-19,-0.003290246768507643
2021-02-22,-0.05120086233031296
2021-02-23,0.022712748961550844
2021-02-24,0.003827227993439042
2021-02-25,-0.02949821904070271
2021-02-26,-0.019785133979475455
2021-03-01,0.002726405234698026
2021-03-02,0.010921285176961115
2021-03-03,-0.0031916801147570117
2021-03-04,0.01354511440495032
2021-03-05,0.022291241458869404
2021-03-08,-0.03984305828023815
2021-03-09,0.006500198893429232
2021-03-10,0.01297931393771723
2021-03-11,0.019578633751862196
2021-03-12,-0.007166214429833673
2021-03-15,0.006052908199018825
2021-03-16,-0.007244168531401529
2021-03-17,0.022189284242100094
2021-03-18,-0.014706260885979261
2021-03-19,0.012078199155309832
2021-03-22,-0.010695049130113099
2021-03-23,-0.014933161707790132
2021-03-24,-0.010577245678162095
2021-03-25,0.01504497430039975
2021-03-26,0.009063736263736244
2021-03-29,0.005558411235308869
2021-03-30,0.012398305305019175
2021-03-31,-0.001848523748395392
2021-04-01,-0.011840458185434777
2021-04-05,0.019652416856827948
2021-04-06,-0.00016167736006400535
2021-04-07,0.0010638388411816635
2021-04-08,0.005857648099027335
2021-04-09,-0.005434736673062157
2021-04-12,0.009705107504036636
2021-04-13,0.004082079251254145
2021-04-14,0.008365675582789223
2021-04-15,0.003375036368926443
2021-04-16,0.0034216783622340596
2021-04-19,-0.001486203081394355
2021-04-20,-0.007210544594572266
2021-04-22,-0.005755359730805765
2021-04-23,0.009709225858876902
2021-04-26,0.0005392848253547022
2021-04-27,-0.0100087068286413
2021-04-28,0.01394612523871741
2021-04-29,-0.00815345344601126
2021-04-30,-0.00976129795279268
2021-05-03,0.0026494188100325555
2021-05-04,-0.01255777667793534
2021-05-05,0.015733315210004095
2021-05-06,0.002985848583185513
2021-05-07,0.017653288414873014
2021-05-10,-0.0010570478047821075
2021-05-11,0.008653996013419762
2021-05-12,-0.026463029829868923
2021-05-13,0.008320106925068904
2021-05-14,0.009734395970374399
2021-05-17,0.008672393564214342
2021-05-18,0.0003416356212073701
2021-05-19,-0.002797202797202747
2021-05-20,0.0005300238103003174
2021-05-21,-0.0008883383183511118
2021-05-24,0.011746280344557603
2021-05-25,-0.008417182662538658
2021-05-26,0.008139005431424096
2021-05-27,0.003048657542201294
2021-05-28,0.009600617527157462
2021-05-31,0.005216587953265739
2021-06-01,0.016249920770742277
2021-06-02,0.010400180872710774
2021-06-04,0.004050894669022531
2021-06-07,0.004995158538647182
2021-06-08,-0.007562549703309496
2021-06-09,0.0009245918312312806
2021-06-10,0.0013009306657840725
2021-06-11,-0.00488176143177832
2021-06-14,0.005925479562117086
2021-06-15,-0.0008985623003194831
2021-06-16,-0.006395523133806313
2021-06-17,-0.00929915905275458
2021-06-18,0.0027175398455374644
2021-06-21,0.0066975585062887255
2021-06-22,-0.003852550961203738
2021-06-23,-0.002632662095102045
2021-06-24,0.008456099915906234
2021-06-25,-0.017434408635359833
2021-06-28,0.001359464386748055
2021-06-29,-0.000800445738411204
2021-06-30,-0.004123241731918581
2021-07-01,-0.008958849229507404
2021-07-02,0.015565069310712554
2021-07-05,-0.005500619015530228
2021-07-06,-0.01437913646391431
2021-07-07,0.015380310963667654
2021-07-08,-0.0125256851337201
2021-07-12,0.017268871384379825
2021-07-13,0.004498644136871732
2021-07-14,0.0018647400287123972
2021-07-15,-0.007312685445497569
2021-07-16,-0.011830420183889245
2021-07-19,-0.012424579231502086
2021-07-20,0.00808714176614811
2021-07-21,0.004210492739292304
2021-07-22,0.0017311342105472693
2021-07-23,-0.008672421857039758
2021-07-26,0.007604775575156042
2021-07-27,-0.011047268340687588
2021-07-28,0.013433698199210253
2021-07-29,-0.004838224347908704
2021-07-30,-0.030825542072806855
2021-08-02,0.005870230950484778
2021-08-03,0.008660093375559175
2021-08-04,-0.014371606366880618
2021-08-05,-0.0013792990205334643
2021-08-06,0.009676650251165375
2021-08-09,0.001701815813044627
2021-08-10,-0.006641250538534704
2021-08-11,-0.0011947431302270495
2021-08-12,-0.01110146162417247
2021-08-13,0.004084473202376149
2021-08-16,-0.01661798438866613
2021-08-17,-0.01070649437825133
2021-08-18,-0.010695141810286302
2021-08-19,0.004475193539260847
2021-08-20,0.007579055178594363
2021-08-23,-0.004921518301102101
2021-08-24,0.02331619449741207
2021-08-25,0.00504945470880358
2021-08-26,-0.017331854524987977
2021-08-27,0.01645834035241389
2021-08-30,-0.007772750625631875
2021-08-31,-0.008009019542341789
2021-09-01,0.0051775957434270214
2021-09-02,-0.022772957217997214
2021-09-03,0.0021940913804776585
2021-09-06,0.008004583821504596
2021-09-08,-0.03780468146840987
2021-09-09,0.017176161462971518
2021-09-10,-0.009318573868118296
2021-09-13,0.0185324536688658
2021-09-14,-0.0019157417270884158
2021-09-15,-0.009622915967326895
2021-09-16,-0.011028740776791834
2021-09-17,-0.020695291491642842
2021-09-20,-0.023286282181283036
2021-09-21,0.012917570100327014
2021-09-22,0.018430839002267607
2021-09-23,0.01587075399440696
2021-09-24,-0.006847033244494316
2021-09-27,0.002648234951404982
2021-09-28,-0.03045350096405275
2021-09-29,0.008926301260397285
2021-09-30,-0.00115204262557711
2021-10-01,0.01730958109191838
2021-10-04,-0.022205491585473913
2021-10-05,0.0005888054496208106
2021-10-06,0.0009234279092504849
2021-10-07,0.00022612156295220842
2021-10-08,0.02032825428403484
2021-10-11,-0.005787313995019194
2021-10-13,0.011374576573364159
2021-10-14,-0.002388591171908039
2021-10-15,0.012925741043424477
2021-10-18,-0.0019189170330053962
2021-10-19,-0.03281539483343243
2021-10-20,0.0010210259051439685
2021-10-21,-0.027539580813460196
2021-10-22,-0.013356847821042406
2021-10-25,0.022757206291864174
2021-10-26,-0.02111024237685688
2021-10-27,-0.0005356136064649242
2021-10-28,-0.006186361798745765
2021-10-29,-0.020850480109739333
2021-11-01,0.019806571917179605
2021-11-03,0.000625290144101065
2021-11-04,-0.020877320885842265
2021-11-05,0.013654121378563477
2021-11-08,-0.0004102114019690628
2021-11-09,0.007195961099817794
2021-11-10,0.004102904249774886
2021-11-11,0.016580477125169857
2021-11-12,-0.013116732420515254
2021-11-16,-0.016968921664534564
2021-11-17,-0.014955792857963002
2021-11-18,-0.004089562387682766
2021-11-19,0.004984198821739394
2021-11-22,-0.008861066627844916
2021-11-23,0.015089794559448588
2021-11-24,0.00820929357630007
2021-11-25,0.012409820693878304
2021-11-26,-0.03390006710077398
2021-11-29,0.005771638754108688
2021-11-30,-0.008743945377088669
2021-12-01,-0.011185792081636614
2021-12-02,0.03662614735797565
2021-12-03,0.005781785461298483
2021-12-06,0.01702674407537841
2021-12-07,0.006541330164048009
2021-12-08,0.005001952434965373
2021-12-09,-0.016698120189461263
2021-12-10,0.013801732978333092
2021-12-13,-0.003480020044915433
2021-12-14,-0.0058016632055353234
2021-12-15,0.005713750468340217
2021-12-16,0.007842041538604905
2021-12-17,-0.00934277159649577
2021-12-20,-0.02034495946866166
2021-12-21,0.00457055798895456
2021-12-22,-0.002426540284360179
2021-12-23,-0.0033541104481015216
2021-12-27,0.006101572108188513
2021-12-28,-0.006320417697169511
2021-12-29,-0.007218873970094575
2021-12-30,0.006867933952568128
2022-01-03,-0.008585983858350299
2022-01-04,-0.003926021439156324
2022-01-05,-0.024228606758506133
2022-01-06,0.00549472308575738
2022-01-07,0.011402014552830408
2022-01-10,-0.0075351200848917665
2022-01-11,0.017990092697042437
2022-01-12,0.018375586583027292
2022-01-13,-0.001476070624302217
2022-01-14,0.01324741779588745
2022-01-17,-0.0022070926230735033
2022-01-18,-0.0015933715742511012
2022-01-19,0.013997108578509554
2022-01-20,0.010082119744845519
2022-01-21,-0.001466517570713699
2022-01-24,-0.010923243560793772
2022-01-25,0.019424233424901516
2022-01-26,0.015731257681278255
2022-01-27,0.006650354476441356
2022-01-28,-0.007452254819035775
2022-01-31,0.008163045623351683
2022-02-01,0.006753390041641438
2022-02-02,-0.00871432737942679
2022-02-03,-0.004145826089282378
2022-02-04,0.004915126772668588
2022-02-07,-0.0022183616196712608
2022-02-08,0.002125075895567763
2022-02-09,0.002022560008553498
2022-02-10,0.007984990352210897
2022-02-11,0.0018789862295891524
2022-02-14,0.0020691719790089103
2022-02-15,0.007495145289832861
2022-02-16,0.004543868829583131
2022-02-17,-0.014351325305388962
2022-02-18,-0.006694383764357714
2022-02-21,-0.009249077752553903
2022-02-22,0.010445289773998612
2022-02-23,-0.007830492860433025
2022-02-24,-0.00371402042711233
2022-02-25,0.013889884579539657
2022-03-02,0.017959732018171914
2022-03-03,-6.946012120789824e-05
2022-03-04,-0.006008717850754519
2022-03-07,-0.025167286894840712
2022-03-08,-0.003494842866488046
2022-03-09,0.02425294281629098
2022-03-10,-0.002080772607550463
2022-03-11,-0.017155978638607072
2022-03-14,-0.015978444764709554
2022-03-15,-0.008814860636052635
2022-03-16,0.019759726135518907
2022-03-17,0.017675858593131144
2022-03-18,0.019765467473203957
2022-03-21,0.007319336403291965
2022-03-22,0.009616460763634871
2022-03-23,0.0015775291629716026
2022-03-24,0.013587951335382265
2022-03-25,0.00023518936944055824
2022-03-28,-0.0028803923379884244
2022-03-29,0.010746349104751696
2022-03-30,0.0020497608612328744
2022-03-31,-0.002170297688341871
2022-04-01,0.013091775764798141
2022-04-04,-0.0023854569383894297
2022-04-05,-0.019747691292876013
2022-04-06,-0.005526348992724084
2022-04-07,0.005362519876848104
2022-04-08,-0.0045430835759115995
2022-04-11,-0.011570122208887645
2022-04-12,-0.006891657332432688
2022-04-13,0.005467209656728089
2022-04-14,-0.005137778082238698
2022-04-18,-0.004260556712743835
2022-04-19,-0.005445728560685259
2022-04-20,-0.006196928478927832
2022-04-22,-0.028562932904218852
2022-04-25,-0.003538054340193386
2022-04-26,-0.022333649546008916
2022-04-27,0.010497814495485702
2022-04-28,0.00521266769700679
2022-04-29,-0.018586413631856202
2022-05-02,-0.01146686936853425
2022-05-03,-0.001040894982135998
2022-05-04,0.01704716130970252
2022-05-05,-0.02805877575131066
2022-05-06,-0.001604877307604613
2022-05-09,-0.017929328958006363
2022-05-10,-0.0013559322033898091
2022-05-11,0.012481815536805385
2022-05-12,0.012366255735318132
2022-05-13,0.011694799788055432
2022-05-16,0.012242340353896264
2022-05-17,0.005137065405190544
2022-05-18,-0.023366332993225436
2022-05-19,0.007134319086656626
2022-05-20,0.013859165459557898
2022-05-23,0.01712631811813292
2022-05-24,0.0021296648723108103
2022-05-25,-9.043144844067541e-06
2022-05-26,0.011846626876469424
2022-05-27,0.0004647421574761612
2022-05-30,-0.008129209769344836
2022-05-31,0.0028730456084731237
2022-06-01,8.082549775045855e-05
2022-06-02,0.009276221264367779
2022-06-03,-0.01148648047476264
2022-06-06,-0.00824467606343715
2022-06-07,-0.0010527653240883783
2022-06-08,-0.015462887253565927
2022-06-09,-0.011756238003838737
2022-06-10,-0.015061534726501957
2022-06-13,-0.02733193655729471
2022-06-14,-0.005214526598959046
2022-06-15,0.007289615237647373
2022-06-17,-0.029005806997577932
2022-06-20,0.0002804908590032795
2022-06-21,-0.001682473235656401
2022-06-22,-0.001635150724783041
2022-06-23,-0.014489258656377513
2022-06-24,0.006035889070146849
2022-06-27,0.021201556672612254
2022-06-28,-0.001716883013774706
2022-06-29,-0.009633068564782188
2022-06-30,-0.010840978900242937
2022-07-01,0.004180958373079413
2022-07-04,-0.0034864684600925955
2022-07-05,-0.003184293522903614
2022-07-06,0.004313545958594123
2022-07-07,0.02037095189375915
2022-07-08,-0.0043780403057679385
2022-07-11,-0.020710147673224433
2022-07-12,0.000600741253614645
2022-07-13,-0.003968617394755292
2022-07-14,-0.01798101776647154
2022-07-15,0.004473528157218576
2022-07-18,0.0037803854957483285
2022-07-19,0.013712906021709603
2022-07-20,0.00042750267189162194
2022-07-21,0.007590016991056769
2022-07-22,-0.0010905455757171945
2022-07-25,0.013596158706090433
2022-07-26,-0.004966590206442634
2022-07-27,0.016698071603255427
2022-07-28,0.011425698456199784
2022-07-29,0.0055362242560699215
2022-08-01,-0.009111617312072884
2022-08-02,0.011122523844460774
2022-08-03,0.003995665718542707
2022-08-04,0.02039990363767763
2022-08-05,0.005477278736826241
2022-08-08,0.018126831467428106
2022-08-09,0.0022970055903026587
2022-08-10,0.01458799274742062
2022-08-11,-0.004699009398018816
2022-08-12,0.02776208097121713
2022-08-15,0.002376645028555169
2022-08-16,0.004246585037865458
2022-08-17,0.0017266896891958705
2022-08-18,0.0009234178773700474
2022-08-19,-0.020357955593824917
2022-08-22,-0.008924086962761035
2022-08-23,0.021321074017429664
2022-08-24,0.0003632915991031993
2022-08-25,0.005615688497581983
2022-08-26,-0.010860374167635523
2022-08-29,0.00021371517110568838
2022-08-30,-0.01684427944410316
2022-08-31,-0.00822232887504415
2022-09-01,0.008053103001196105
2022-09-02,0.004157420406684542
2022-09-05,0.012077861163227066
2022-09-06,-0.021737386700890315
2022-09-08,0.001384789184067703
2022-09-09,0.02168929000327524
2022-09-12,0.009857524487978608
2022-09-13,-0.023040905764194486
2022-09-14,-0.0022293626008628165
2022-09-15,-0.0053642342171202895
2022-09-16,-0.006129836113283771
2022-09-19,0.023279648609077608
2022-09-20,0.006197238517670733
2022-09-21,-0.0051636641574162034
2022-09-22,0.01906446540880502
2022-09-23,-0.020636451301832226
2022-09-26,-0.023291202692541813
2022-09-27,-0.006763568378026608
2022-09-28,0.0006920351369306132
2022-09-29,-0.007256733455662023
2022-09-30,0.02204079358002664
2022-10-03,0.05540863527722495
2022-10-04,0.0008266313052163188
2022-10-05,0.008328314548739613
2022-10-06,0.0030973224799057952
2022-10-07,-0.010088379649713763
2022-10-10,-0.0037293233082706934
2022-10-11,-0.009608335273975532
2022-10-13,-0.0045895129194353235
2022-10-14,-0.019492563429571286
2022-10-17,0.013848240416874935
2022-10-18,0.018649229036119097
2022-10-19,0.0045877504471112385
2022-10-20,0.00771453635378494
2022-10-21,0.02353824751858391
2022-10-24,-0.03265265281958496
2022-10-25,-0.011955556704852044
2022-10-26,-0.01624413309371342
2022-10-27,0.0166453832783513
2022-10-28,-0.0008897340393052566
2022-10-31,0.013078514741703628
2022-11-01,0.007687203219662653
2022-11-03,-0.00028222254530529955
2022-11-04,0.010770257322748389
2022-11-07,-0.023807710211163347
2022-11-08,0.007091952627837239
2022-11-09,-0.022210743801652888
2022-11-10,-0.03350061630568757
2022-11-11,0.022573445684354265
2022-11-14,0.00808887067606201
2022-11-16,-0.025786269120986915
2022-11-17,-0.004898270184955034
2022-11-18,-0.007502073781026963
2022-11-21,0.007972079353416595
2022-11-22,-0.006478477967707841
2022-11-23,-0.0032466043636564246
2022-11-24,0.02896497152268518
2022-11-25,-0.025520651697650942
2022-11-28,-0.0017893683988364772
2022-11-29,0.01956205989961579
2022-11-30,0.014209719592462422
2022-12-01,-0.013868392511068084
2022-12-02,0.008996988983646759
2022-12-05,-0.022542082127157692
2022-12-06,0.0012065703238544057
2022-12-07,-0.0015703030137036444
2022-12-08,-0.019348762355867244
2022-12-09,0.004140053149330969
2022-12-12,-0.022518548783998393
2022-12-13,-0.013033895728834177
2022-12-14,-0.0008566588380241047
2022-12-15,-0.0006261861410556957
2022-12-16,-0.00880101794906396
2022-12-19,0.016581570629710773
2022-12-20,0.02342868076150384
2022-12-21,0.003122108077286301
2022-12-22,3.7274141995835564e-05
2022-12-23,0.022186606036322276
2022-12-26,-0.0087512990209484
2022-12-27,-0.0035957990766797288
2022-12-28,0.01744395322436243
2022-12-29,-0.0018687010713281937
2023-01-02,-0.033217911315901905
2023-01-03,-0.02077536286380388
2023-01-04,0.011212871762379173
2023-01-05,0.020734045987050642
2023-01-06,0.01225841254487614
2023-01-09,0.003592561284869067
2023-01-10,0.01542658866397506
2023-01-11,0.007672749567224413
2023-01-12,0.0010200155686586054
2023-01-13,-0.008589790573576339
2023-01-16,-0.015353961556493156
2023-01-17,0.020382188933551815
2023-01-18,0.009090174893888081
2023-01-19,0.004926546437591162
2023-01-20,-0.006238606799638946
2023-01-23,-0.005271547003143362
2023-01-24,0.011807464036022175
2023-01-25,0.010324875252149868
2023-01-26,-0.000753097771356015
2023-01-27,-0.014083025878765087
2023-01-30,-0.005457680752342209
2023-01-31,0.014693264693264707
2023-02-01,-0.010825141810238526
2023-02-02,-0.02108581248942598
2023-02-03,-0.013144130622640637
2023-02-06,-0.000313392939441437
2023-02-07,-0.004942096333997226
2023-02-08,0.018180133432172063
2023-02-09,-0.019102309750459567
2023-02-10,0.003404989655140467
2023-02-13,0.00643550624133149
2023-02-14,-0.01090531576723075
2023-02-15,0.016561550822504323
2023-02-16,0.004230551342263578
2023-02-17,-0.0054774578044675115
2023-02-22,-0.019679240277028054
2023-02-23,0.005300880991488732
2023-02-24,-0.017146305235796522
2023-02-27,-0.0015301351619393389
2023-02-28,-0.007369147960004208
2023-03-01,-0.00521289978271644
2023-03-02,-0.010145135795372906
2023-03-03,0.005226177341617788
2023-03-06,0.00802957656981107
2023-03-07,-0.004508118433619868
2023-03-08,0.02218213915646472
2023-03-09,-0.013788248545147375
2023-03-10,-0.013828744372852642
2023-03-13,-0.004796463934837569
2023-03-14,-0.0018327983630880285
2023-03-15,-0.0024967939999223088
2023-03-16,0.007401996591185789
2023-03-17,-0.014047469425242931
2023-03-20,-0.010384185444490157
2023-03-21,0.0007431408103206749
2023-03-22,-0.0076932216479533855
2023-03-23,-0.022899392342922154
2023-03-24,0.009221248697996343
2023-03-27,0.008509647977820167
2023-03-28,0.015200160529748263
2023-03-29,0.006008795770124031
2023-03-30,0.018861807786390017
2023-03-31,-0.01765448882975129
2023-04-03,-0.0036905439626234715
2023-04-04,0.0035761432821705963
2023-04-05,-0.008746527402840876
2023-04-06,-0.0015448909663491328
2023-04-10,0.010166431929539144
2023-04-11,0.04287804255402716
2023-04-12,0.00636450938670996
2023-04-13,-0.004041538029750158
2023-04-14,-0.0016814142666591314
2023-04-17,-0.0024746186923099156
2023-04-18,0.001386583157259258
2023-04-19,-0.02119382459048824
2023-04-20,0.004369039484953818
2023-04-24,-0.004024260542125346
2023-04-25,-0.0069939488393123694
2023-04-26,-0.008796744816895963
2023-04-27,0.005971929001485687
2023-04-28,0.014661445935310935
2023-05-02,-0.023986900566876024
2023-05-03,-0.0012754226063751428
2023-05-04,0.0037034490210909876
2023-05-05,0.029107209270460288
2023-05-08,0.008502301517860467
2023-05-09,0.010109202014296326
2023-05-10,0.0031181731613048047
2023-05-11,0.007519916610825739
2023-05-12,0.0019213715637007578
2023-05-15,0.005209101637409619
2023-05-16,-0.007658512872721901
2023-05-17,0.011701203393903459
2023-05-18,0.005919970765576377
2023-05-19,0.005785229047843954
2023-05-22,-0.004803828615287387
2023-05-23,-0.0025768285048043404
2023-05-24,-0.010270265353091501
2023-05-25,0.0115257352941176
2023-05-26,0.007741654097079609
2023-05-29,-0.005166537428092255
2023-05-30,-0.012380702056501658
2023-05-31,-0.005799921077023318
2023-06-01,0.02058429870309686
2023-06-02,0.018025595803373484
2023-06-05,0.0012260345777288517
2023-06-06,0.0169837438773337
2023-06-07,0.007660762586161773
2023-06-09,0.013256788584095291
2023-06-12,0.0027089617925293297
2023-06-13,-0.0050538624122179465
2023-06-14,0.019924106798694607
2023-06-15,0.0012765707278972194
2023-06-16,-0.003883544006508921
2023-06-19,0.009262533892453462
2023-06-20,-0.001968996646031118
2023-06-21,0.0066710136931333874
2023-06-22,-0.012340142833416334
2023-06-23,0.00036154505860386266
2023-06-26,-0.006169259604797528
2023-06-27,-0.006089155383405376
2023-06-28,-0.007164555023272068
2023-06-29,0.014586779338538358
2023-06-30,-0.002500359004248942
2023-07-03,0.013430775614589274
2023-07-04,-0.004988593918427764
2023-07-05,0.003972253014881355
2023-07-06,-0.01775840868597811
2023-07-07,0.012535554306541963
2023-07-10,-0.0080405053070699
2023-07-11,-0.0061216530158891835
2023-07-12,0.0038048114656201726
2023-07-13,0.013580813489028287
2023-07-14,-0.013021532063321684
2023-07-17,0.004315654441810812
2023-07-18,-0.003197455569747709
2023-07-19,-0.0024524571244304294
2023-07-20,0.004517149857084624
2023-07-21,0.018072034077724952
2023-07-24,0.009358077476563142
2023-07-25,0.005488618944800683
2023-07-26,0.0045242934889515585
2023-07-27,-0.020969321148825104
2023-07-28,0.0016418034836236384
2023-07-31,0.014610565202559433
2023-08-01,-0.005699384138490915
2023-08-02,-0.0032083003430984913
2023-08-03,-0.002258830538064971
2023-08-04,-0.00893967790622463
2023-08-07,-0.001071058004485037
2023-08-08,-0.0024292176243927432
2023-08-09,-0.005718364262322639
2023-08-10,-0.0004982729353343318
2023-08-11,-0.0024081115335867764
2023-08-14,-0.010629737856265642
2023-08-15,-0.005470422052906376
2023-08-16,-0.00498403215948906
2023-08-17,-0.005277181811890075
2023-08-18,0.00371362474126391
2023-08-21,-0.008491538788136133
2023-08-22,0.015092327993777799
2023-08-23,0.017037432418471665
2023-08-24,-0.009387565073856186
2023-08-25,-0.010160135354536637
2023-08-28,0.011084541208767451
2023-08-29,0.010954482970602974
2023-08-30,-0.0073392790784094775
2023-08-31,-0.015255030416471693
2023-09-01,0.01858443780131669
2023-09-04,-0.0009839430670184335
2023-09-05,-0.0037868174601153326
2023-09-06,-0.011471819041855902
2023-09-08,-0.0057938526533602985
2023-09-11,0.013615117116023256
2023-09-12,0.009282787060564734
2023-09-13,0.0017631900176318105
2023-09-14,0.010289737340915206
2023-09-15,-0.0053102385419459
2023-09-18,-0.003957628117684742
2023-09-19,-0.0037366427701880367
2023-09-20,0.007204317499108992
2023-09-21,-0.021483634525464423
2023-09-22,-0.0011709501054716354
2023-09-25,-0.0007240817522778942
2023-09-26,-0.014940694414492084
2023-09-27,0.00117345196290497
2023-09-28,0.012280563646382747
2023-09-29,0.007206366487803706
2023-10-02,-0.012936987946639222
2023-10-03,-0.014236421947382616
2023-10-04,0.0016575706010457658
2023-10-05,-0.0028431346659977264
2023-10-06,0.007821051516542443
2023-10-09,0.00863624419724962
2023-10-10,0.013729202125811968
2023-10-11,0.0026898070020644482
2023-10-13,-0.011080640062878566
2023-10-16,0.0067384280456830314
2023-10-17,-0.005371822815658955
2023-10-18,-0.015943679469924477
2023-10-19,-0.0004909696650885476
2023-10-20,-0.007447107119048502
2023-10-23,-0.00326985108921396
2023-10-24,0.008662499445848404
2023-10-25,-0.008192542325205276
2023-10-26,0.017256048923158795
2023-10-27,-0.01285971928173768
2023-10-30,-0.006787230474576522
2023-10-31,0.005438453062240001
2023-11-01,0.016872304320158404
2023-11-03,0.027004945546834858
2023-11-06,0.002767433987813206
2023-11-07,0.006591440411184424
2023-11-08,-0.0014169768923768533
2023-11-09,-0.0007304847227936895
2023-11-10,0.013645682788290259
2023-11-13,-0.0021552438741337943
2023-11-14,0.02452316076294281
2023-11-16,0.010119356512714006
2023-11-17,0.0039012329822758485
2023-11-20,0.008259903088068343
2023-11-21,-0.0038700979420278614
2023-11-22,0.003407453406259142
2023-11-23,0.004292458444083103
2023-11-24,-0.008169005182657063
2023-11-27,0.0011231301078522549
2023-11-28,0.006802829340483596
2023-11-29,-0.003453508037111419
2023-11-30,0.00975408601042016
2023-12-01,0.0060629383260950576
2023-12-04,-0.010148083963685495
2023-12-05,0.0007886248748059099
2023-12-06,-0.010086443976895731
2023-12-07,0.0030806460600367735
2023-12-08,0.008602491865725037
2023-12-11,-0.0014005381843360531
2023-12-12,-0.004042043556367947
2023-12-13,0.024224108605017225
2023-12-14,0.010636079249217945
2023-12-15,-0.004929609758334452
2023-12-18,0.006812752982019665
2023-12-19,0.005851209911202027
2023-12-20,-0.007940781639881433
2023-12-21,0.010534846029173428
2023-12-22,0.00431980148583011
2023-12-26,0.005875573433368642
2023-12-27,0.004950087244351531
2023-12-28,-6.706708198578326e-05
2024-01-02,-0.01108916793978465
2024-01-03,0.0010324272590940264
2024-01-04,-0.012105334477618634
2024-01-05,0.0060734915336899675
2024-01-08,0.0030600728660914456
2024-01-09,-0.007400303563472654
2024-01-10,-0.004610223131756519
2024-01-11,-0.0014674299340420305
2024-01-12,0.00259473857434811
2024-01-15,0.004069075029773828
2024-01-16,-0.016932657142205376
2024-01-17,-0.0059554194316828735
2024-01-18,-0.00939902275061466
2024-01-19,0.002513431147695533
2024-01-22,-0.008101162681375174
2024-01-23,0.01311985592644671
2024-01-24,-0.0034850268588758615
2024-01-25,0.0027617825624335346
2024-01-26,0.006226154530346584
2024-01-29,-0.0035978195972613536
2024-01-30,-0.008567893356575373
2024-01-31,0.002747209619943236
2024-02-01,0.0057063685891414195
2024-02-02,-0.010110444345856617
2024-02-05,0.003231589375854993
2024-02-06,0.022125038207425174
2024-02-07,-0.006195558827137737
2024-02-08,-0.010732362199864176
2024-02-09,-0.001489662057293506
2024-02-14,-0.007873400715479706
2024-02-15,0.0061880993245051474
2024-02-16,0.007214171700416161
2024-02-19,0.002408215900439714
2024-02-20,0.006819802225735527
2024-02-21,0.0008928846331475171
2024-02-22,0.001607296665436131
2024-02-23,-0.0063113766018381146
2024-02-26,0.001468099738060058
2024-02-27,0.01604826825297634
2024-02-28,-0.01164865706323226
2024-02-29,-0.008720371864315624
2024-03-01,0.001240117811192043
2024-03-04,-0.006494813438612801
2024-03-05,-0.0018933933816940307
2024-03-06,0.006182766319536626
2024-03-07,-0.004267204593063845
2024-03-08,-0.009887798036465667
2024-03-11,-0.007452526540280613
2024-03-12,0.012241920649519455
2024-03-13,0.002647491932199042
2024-03-14,-0.002468634282768001
2024-03-15,-0.007424230558383593
2024-03-18,0.0016726894005143489
2024-03-19,0.004529199552593788
2024-03-20,0.012514800555167849
2024-03-21,-0.0074811229428848325
2024-03-22,-0.008832778033536437
2024-03-25,-0.0007557448416478652
2024-03-26,-0.000535724133584381
2024-03-27,0.006526725680458423
2024-03-28,0.003250033283473286
2024-04-01,-0.008711535759449163
2024-04-02,0.004401921411134824
2024-04-03,-0.0018110686873280546
2024-04-04,0.000863978384831654
2024-04-05,-0.004967511065072094
2024-04-08,0.016262470917622895
2024-04-09,0.008016638599377623
2024-04-10,-0.014135037339287115
2024-04-11,-0.005138457213363146
2024-04-12,-0.011381833024584731
2024-04-15,-0.004859225382306653
2024-04-16,-0.007539853511417505
2024-04-17,-0.0017525665452733374
2024-04-18,0.00020133525541399244
2024-04-19,0.0074720602917968115
2024-04-22,0.0035884402672548
2024-04-23,-0.003384485518383773
2024-04-24,-0.003252149455045261
2024-04-25,-0.0007615779895944197
2024-04-26,0.015082714246746898
2024-04-29,0.006528302483284065
2024-04-30,-0.01121301589295809
2024-05-02,0.009513674915028192
2024-05-03,0.010910778622110984
2024-05-06,-0.00033460691469078263
2024-05-07,0.0057914156274812
2024-05-08,0.0020973608853804837
2024-05-09,-0.009986021115067079
2024-05-10,-0.004587012824913361
2024-05-13,0.004349529780564243
2024-05-14,0.0028090983574577955
2024-05-15,-0.0037894409212931857
2024-05-16,0.001999562595682125
2024-05-17,-0.0010367621839044716
2024-05-20,-0.0031213178203837177
2024-05-21,-0.002653599580433763
2024-05-22,-0.013829152670078226
2024-05-23,-0.00732988460007955
2024-05-24,-0.003391352452116192
2024-05-27,0.0015284861551332352
2024-05-28,-0.005751188793214235
2024-05-29,-0.008668605590563927
2024-05-31,-0.0049630420432411615
2024-06-03,-0.0005405493947484574
2024-06-04,-0.0018847515405795434
2024-06-05,-0.0032429680957619667
2024-06-06,0.012289241971220832
2024-06-07,-0.01734757809258014
2024-06-10,-5.7962854090987115e-05
2024-06-11,0.007245776747267341
2024-06-12,-0.01396801907345746
2024-06-13,-0.0030683030949839596
2024-06-14,0.0007861635220125507
2024-06-17,-0.004379000852400949
2024-06-18,0.0041296647585153945
2024-06-19,0.0052745966730753935
2024-06-20,0.0015383208188854969
2024-06-21,0.007430715839463309
2024-06-24,0.010680643805473844
2024-06-25,-0.0024951686685095176
2024-06-26,0.0025341082799943404
2024-06-27,0.013592517999690079
2024-06-28,-0.003225858351835753
2024-07-01,0.00654523150427333
2024-07-02,0.0005532481277763512
2024-07-03,0.0070119483600055155
2024-07-04,0.003994843309831131
2024-07-05,0.0008163977045749782
2024-07-08,0.0022254429106576268
2024-07-09,0.004425198343711578
2024-07-10,0.000865405796645291
2024-07-11,0.008457922621012859
2024-07-12,0.004700141861661455
2024-07-15,0.003289448164037978
2024-07-16,-0.001631598889584862
2024-07-17,0.0026334133684455807
2024-07-18,-0.013889532638084234
2024-07-19,-0.00028201673299277363
2024-07-22,0.0019119859578735632
2024-07-23,-0.00993273893320823
2024-07-24,-0.001319219527608828
2024-07-25,-0.0037097680010758083
2024-07-26,0.01221080712005973
2024-07-29,-0.004219872619458442
2024-07-30,-0.006419648061502636
2024-07-31,0.011994704254830069
2024-08-01,-0.0020132861216431985
2024-08-02,-0.012096236116017067
2024-08-05,-0.004640297487565004
2024-08-06,0.007958808972619247
2024-08-07,0.009875897898896868
2024-08-08,0.008995090735135047
2024-08-09,0.015187197363614402
2024-08-12,0.0038357003406959134
2024-08-13,0.00977760151316387
2024-08-14,0.0069487454493271095
2024-08-15,0.006263220270330994
2024-08-16,-0.0014908350912763435
2024-08-19,0.013624181615939923
2024-08-20,0.002275773689404792
2024-08-21,0.0027702866548604543
2024-08-22,-0.009460370500644855
2024-08-23,0.003218098288859439
2024-08-26,0.009446345348357088
2024-08-27,-0.000825486342949433
2024-08-28,0.00415277534070313
2024-08-29,-0.009487127213420266
2024-08-30,-0.00027197683051427557
2024-09-02,-0.0075218375930119485
2024-09-03,-0.0046525066490838984
2024-09-04,0.013084932975073071
2024-09-05,0.002872655406249258
2024-09-06,-0.01413898697454985
2024-09-09,0.00122610944327195
2024-09-10,-0.003094918248142675
2024-09-11,0.002657832042882724
2024-09-12,-0.004811511987941497
2024-09-13,0.006364294294518347
2024-09-16,0.0017496774958853933
2024-09-17,-0.001169348273361015
2024-09-18,-0.008980438648488409
2024-09-19,-0.004672967072404832
2024-09-20,-0.015459387183281659
2024-09-23,-0.0037920115972990276
2024-09-24,0.01216224496048035
2024-09-25,-0.004313084536456957
2024-09-26,0.010821819950450617
2024-09-27,-0.0021051048793323535
2024-09-30,-0.006886159873427222
2024-10-01,0.005151119742671684
2024-10-02,0.0076984037133476235
2024-10-03,-0.01380369246901092
2024-10-04,0.0009113554893978026
2024-10-07,0.0017148233580186467
2024-10-08,-0.003832810677331877
2024-10-09,-0.0117859967151287
2024-10-10,0.0030085717363537157
2024-10-11,-0.0027694030823993687
2024-10-14,0.007792787248446009
2024-10-15,0.00029006526468444704
2024-10-16,0.005395175629373528
2024-10-17,-0.007263757115749558
2024-10-18,-0.002247826718555279
2024-10-21,-0.0010498164736894022
2024-10-22,-0.00491707706233413
2024-10-23,-0.00376191981252072
2024-10-24,0.006453460029558933
2024-10-25,-0.0013377720713171337
2024-10-28,0.010162210434742525
2024-10-29,-0.0036810377020569662
2024-10-30,-0.000696091180295233
2024-10-31,-0.007088235519255304
2024-11-01,-0.0122732494044544
2024-11-04,0.018685461399770453
2024-11-05,0.0011186453664329132
2024-11-06,-0.002449085802190387
2024-11-07,-0.005055968574738556
2024-11-08,-0.014281087583473462
2024-11-11,0.00034420715012117853
2024-11-12,-0.0013763548493047617
2024-11-13,0.000281915143541811
2024-11-14,0.0004540686113330139
2024-11-18,-0.00018780518342309538
2024-11-19,0.003357648237430233
2024-11-21,-0.009945630552977036
2024-11-22,0.01736499582420703
2024-11-25,-0.0006969936341247873
2024-11-26,0.006866300877274467
2024-11-27,-0.01734117393513035
2024-11-28,-0.02396039759064461
2024-11-29,0.00849049032982907
2024-12-02,-0.003437629308972845
2024-12-03,0.007210386789741063
2024-12-04,-0.000412243635988907
2024-12-05,0.014045857225566394
2024-12-06,-0.014954089693253403
2024-12-09,0.010036047194829534
2024-12-10,0.008002515525509013
2024-12-11,0.010645100913996952
2024-12-12,-0.027401171359564214
2024-12-13,-0.01134542454102605
2024-12-16,-0.008442204603087977
2024-12-17,0.009210100356102258
2024-12-18,-0.03148406550225347
2024-12-19,0.003444507004934927
2024-12-20,0.007542000858170805
2024-12-23,-0.010933481843049209
2024-12-26,0.0025752068031830166
2024-12-27,-0.006681643238243162
2024-12-30,0.00011640572383564418
2025-01-02,-0.0013135688335009776
2025-01-03,-0.01325286160249739
2025-01-06,0.012561902592526986
2025-01-07,0.009506590458415953
2025-01-08,-0.012693644099271206
2025-01-09,0.0013040752351096696
2025-01-10,-0.007722426762174273
2025-01-13,0.0012704449081242242
2025-01-14,0.0024536371810062185
2025-01-15,0.02808908708371405
2025-01-16,-0.011545046881369703
2025-01-17,0.009205338436412136
2025-01-20,0.0015774417654270678
2025-01-21,0.0064875186669168805
2025-01-22,-0.0029674552854757064
2025-01-23,-0.00397651497901963
2025-01-24,-0.00029391833968794856
2025-01-27,0.019722818852238033
2025-01-28,-0.006455126459611438
2025-01-29,-0.005029986457728786
2025-01-30,0.028201762913993234
2025-01-31,-0.0061301836691276534
2025-02-03,-0.0013081222499702339
2025-02-04,-0.006533301579741191
2025-02-05,0.0030923633806643203
2025-02-06,0.005504484840760382
2025-02-07,-0.01272331154684092
2025-02-10,0.007647308997825286
2025-02-11,0.007565380817379674
2025-02-12,-0.016929862000284568
2025-02-13,0.003778742563113058
2025-02-14,0.026984381257509016
2025-02-17,0.005069451485349319
2025-02-18,-0.0026150587030240313
2025-02-19,-0.00951514019854982
2025-02-20,0.002293632029157333
2025-02-21,-0.0037068675010384355
2025-02-24,-0.013584733496947998
2025-02-25,0.004617188060701327
2025-02-26,-0.009612636926496276
2025-02-27,0.00024044434114234292
2025-02-28,-0.01602576943725509
2025-03-05,0.0020195604198731676
2025-03-06,0.0025274894958837724
2025-03-07,0.013594578381620925
2025-03-10,-0.004126844483544612
2025-03-11,-0.008127273749387598
2025-03-12,0.002890524423716956
2025-03-13,0.014314086417360983
2025-03-14,0.026425336485271123
2025-03-17,0.014555239343347015
2025-03-18,0.004899338092544836
2025-03-19,0.007857007035558139
2025-03-20,-0.004173332930841878
2025-03-21,0.0029555530294418375
2025-03-24,-0.0077373531300767295
2025-03-25,0.005688351444171236
2025-03-26,0.003422479328830663
2025-03-27,0.004746453365529701
2025-03-28,-0.00936544773148873
2025-03-31,-0.012448636108626121
2025-04-01,0.006809458007062785
2025-04-02,0.00032787635248987534
2025-04-03,-0.0003735040780546983
2025-04-04,-0.029624602527051014
2025-04-07,-0.01310743697743133
2025-04-08,-0.0131859731821512
2025-04-09,0.031178388148339398
2025-04-10,-0.011275783279601881
2025-04-11,0.010502156622215209
2025-04-14,0.013878228724487407
2025-04-15,-0.0016144730946899832
2025-04-16,-0.007180161708383315
2025-04-17,0.01038833513875792
2025-04-22,0.00627844195912064
2025-04-23,0.013428991905813037
2025-04-24,0.01787983300054452
2025-04-25,0.001181453410610711
2025-04-28,0.0020558264496544076
2025-04-29,0.0005703027789298876
2025-04-30,-0.00019246000903083704
2025-05-02,0.0004960501084647628
2025-05-05,-0.012158302129737897
2025-05-06,0.0001872785431227264
2025-05-07,-0.0008837892087839583
2025-05-08,0.02124469632228365
2025-05-09,0.0020553173997299723
2025-05-12,0.0003735935302391358
2025-05-13,0.017574306364095627
2025-05-14,-0.0038859264696358142
2025-05-15,0.006581276232995981
2025-05-16,-0.0010550188755077405
2025-05-19,0.003225875979796955
2025-05-20,0.003394540089948217
2025-05-21,-0.0159089286988795
2025-05-22,-0.0044095995822485134
2025-05-23,0.0040138993101337395
2025-05-26,0.002263756675179973
2025-05-27,0.010171135692361055
2025-05-28,-0.004679628209630193
2025-05-29,-0.002548816312424429
2025-05-30,-0.010878195966333215
2025-06-02,-0.0017514796354003437
2025-06-03,0.005548772909706345
2025-06-04,-0.003955040495543294
2025-06-05,-0.005591159253149569
2025-06-06,-0.0009835873043835264
2025-06-09,-0.0029610145332177318
2025-06-10,0.005431138033441751
2025-06-11,0.005071975138526419
2025-06-12,0.004900530890846522
2025-06-13,-0.0042597968069666425
2025-06-16,0.01488925976401645
2025-06-17,-0.0029873039581777006
2025-06-18,-0.0008859118409679789
2025-06-20,-0.01154148374027697
2025-06-23,-0.004120598617229243
2025-06-24,0.004496488491479322
2025-06-25,-0.010192104399810442
2025-06-26,0.009921409473583331
2025-06-27,-0.0018087139168866395
2025-06-30,0.014532462408487046
2025-07-01,0.004998019516762042
2025-07-02,-0.003568638972690552
2025-07-03,0.013498644382277103
2025-07-04,0.0039027020890098907
2025-07-07,-0.014051654674224978
2025-07-08,-0.001340597892321993
2025-07-09,-0.013079402453644251
2025-07-10,-0.00536801448927493
2025-07-11,-0.004066021661072283
2025-07-14,-0.006520446151247916
2025-07-15,-0.00036216084376083924
2025-07-16,0.0019297597042513548
2025-07-17,0.00039849163536542775
2025-07-18,-0.016102976431969895
2025-07-21,0.005885351846576015
2025-07-22,-0.0009763950897015983
2025-07-23,0.009937628696768064
2025-07-24,-0.011524141599196236
2025-07-25,-0.0021224440990075255
2025-07-28,-0.010447559989215427
2025-07-29,0.0045183116499785125
2025-07-30,0.009523378991305398
2025-07-31,-0.00685872080005967
2025-08-01,-0.004764373905659425
2025-08-04,0.00403210583145186
2025-08-05,0.001353678621654364
2025-08-06,0.010416744898648966
2025-08-07,0.01479136006184123
2025-08-08,-0.0045045704910348094
2025-08-11,-0.0021337178930639356
2025-08-12,0.01689241500335492
2025-08-13,-0.008896848760821974
2025-08-14,-0.0024215909340317143
2025-08-15,-0.00011000616034495536
2025-08-18,0.007195194402270788
2025-08-19,-0.02104542607885118
2025-08-20,0.0017480956915019163
2025-08-21,-0.0011584129742253646
2025-08-22,0.025700500330827936
2025-08-25,0.00041313927867325795
2025-08-26,-0.0018402463321861573
2025-08-27,0.01041583497252696
2025-08-28,0.013239371866155203
2025-08-29,0.002644471070337273
2025-09-01,-0.0021000975802916155
2025-09-02,-0.005597874224977817
2025-09-03,-0.0033562546763102885
2025-09-04,0.00807212720928896
2025-09-05,0.011681430993027986
2025-09-08,-0.005945036455412223
2025-09-09,-0.0012271496276236027
2025-09-10,0.005161773220918153
2025-09-11,0.00563404028128045
2025-09-12,-0.0061403692604312665
2025-09-15,0.008961707152496556
2025-09-16,0.0035876751168606447
2025-09-17,0.010634310227541022
2025-09-18,-0.000645631001277569
2025-09-19,0.0025085910652919985
2025-09-22,-0.005182874575806351
2025-09-23,0.00906904464919478
2025-09-24,0.0004575721359056928
2025-09-25,-0.008096005242607118
2025-09-26,0.0009703659862634328
2025-09-29,0.006119067426622715
2025-09-30,-0.0006833541756356976
2025-10-01,-0.004923514568816345
2025-10-02,-0.010768501274765141
2025-10-03,0.0017436609934005087
2025-10-06,-0.0041123154485752655
2025-10-07,-0.015681577627987275
2025-10-08,0.005581651999207571
2025-10-09,-0.00307432551268072
2025-10-10,-0.007254354023767173
2025-10-13,0.007840489053170252
2025-10-14,-0.000705303174569627
2025-10-15,0.006500427009591858
2025-10-16,-0.002833020111637774
2025-10-17,0.008431786216596349
2025-10-20,0.007740639753415213
2025-10-21,-0.0029340733103128125
2025-10-22,0.005468993996599281
2025-10-23,0.005853402635411786
2025-10-24,0.0030949554285244485
2025-10-27,0.0054524806392468594
2025-10-28,0.0031299117500969142
2025-10-29,0.008166642926425549
2025-10-30,0.0009890132070267121
2025-10-31,0.0051082134695523695
2025-11-03,0.00611207703624439
2025-11-04,0.001661637444002828
2025-11-05,0.017186007007113258
2025-11-06,0.00029355356374027863
2025-11-07,0.004728086135947107
2025-11-10,0.007743535154221659
2025-11-11,0.016050806082817504
2025-11-12,-0.0007353453904620499
2025-11-13,-0.002987953030139656
2025-11-14,0.0036713709420852503
2025-11-17,-0.004729331363835243
2025-11-18,-0.0030001337639258274
2025-11-19,-0.007289710072705402
2025-11-21,-0.003932269711225955
2025-11-24,0.003282289849454001
2025-11-25,0.004070119398755789
2025-11-26,0.016964915656468404
2025-11-27,-0.001658730409006326
2025-11-28,0.004927602152983157
2025-12-01,-0.002898058740696041
2025-12-02,0.01564204248129064
2025-12-03,0.004115660616293759
2025-12-04,0.016698092794658503
2025-12-05,-0.04309359342316488
2025-12-08,0.005197974188054788
2025-12-09,-0.0013022561904580954
2025-12-10,0.006924883372050994
2025-12-11,0.0007166430928806644
2025-12-12,0.00990646338628931
2025-12-15,0.010673898709926188
2025-12-16,-0.02402727686759154
2025-12-17,-0.007888862263365715
2025-12-18,0.003788288087867908
2025-12-19,0.003482709928256167
2025-12-22,-0.0020886838767487648
2025-12-23,0.014632418965233818
2025-12-26,0.002748417011517068
2025-12-29,-0.002529568606002619
2025-12-30,0.003956632812013305
2026-01-02,-0.0036369278510473
2026-01-05,0.00829082029911743
2026-01-06,0.01108296781367768
2026-01-07,-0.010319923746211712
2026-01-08,0.005939188146318886
2026-01-09,0.0026574688376488353
2026-01-12,-0.0013466364693640598
2026-01-13,-0.007214220042905284
2026-01-14,0.01958968470053657
2026-01-15,0.002555314691242927
2026-01-16,-0.004638577502899088
2026-01-19,0.00029733009708743374
2026-01-20,0.00866247292977218
2026-01-21,0.033317897243756
2026-01-22,0.021953590156969405
2026-01-23,0.01862303447254665
2026-01-26,-0.000771557483828067
2026-01-27,0.01789381214294905
2026-01-28,0.015237550778093523
2026-01-29,-0.008430297090816552
2026-01-30,-0.009665054004171836
2026-02-02,0.007879182197128465
2026-02-03,0.01576099741237358
2026-02-04,-0.021360018096233224
2026-02-05,0.0023058973738085964
2026-02-06,0.004518824776117869
2026-02-09,0.017988521453949247
2026-02-10,-0.0016752487368517643
2026-02-11,0.02027655718042909
2026-02-12,-0.01018982704178728
2026-02-13,-0.006934162734467342
2026-02-18,-0.002402608546421825
2026-02-19,0.013536469981076937
2026-02-20,0.01060816616631488
2026-02-23,-0.008817323942183597
2026-02-24,0.013957872218751
2026-02-25,-0.0012637735651992443
2026-02-26,-0.0012706015226302547
2026-02-27,-0.011612261459124085
2026-03-02,0.0027544269467707494
2026-03-03,-0.03276159888435193
2026-03-04,0.012348106277818793
2026-03-05,-0.02644497912238486
2026-03-06,-0.006089857256848963
2026-03-09,0.00864159674406939
2026-03-10,0.013995522759306933
2026-03-11,0.002845508511995387
2026-03-12,-0.025460811332344013
2026-03-13,-0.009102825110857027
2026-03-16,0.012507528721721561
2026-03-17,0.002974287699791578
2026-03-18,-0.004268056094451578
2026-03-19,0.003512580716989566
2026-03-20,-0.022477270331889176
2026-03-23,0.0324198866183556
2026-03-24,0.0031715146318405107
2026-03-25,0.01597181508857104
2026-03-26,-0.014512684442143375
2026-03-27,-0.00643561918208535
2026-03-30,0.005271071894776824
2026-03-31,0.027110249076783166
2026-04-01,0.002619197490691505
2026-04-02,0.0005267274265374766
2026-04-06,0.0005849445897943006
2026-04-07,0.0005155132279630603
2026-04-08,0.02093923796471886
2026-04-09,0.015234051851967578
2026-04-10,0.011248968631008216
2026-04-13,0.0034309055158014967
2026-04-14,0.003313114580229426
2026-04-15,-0.004626064019893628
2026-04-16,-0.004647563948254718
2026-04-17,-0.005512679162072764
2026-04-20,0.002033371820940655
2026-04-22,-0.01653478269736708
2026-04-23,-0.007833520833225305
2026-04-24,-0.003307590214131184
2026-04-27,-0.00611287320768561
2026-04-28,-0.005063852008925007
2026-04-29,-0.020512249561284945
2026-04-30,0.013899864682002772
2026-05-04,-0.009171569203173191
2026-05-05,0.006217672413793007
2026-05-06,0.005017295479614825
2026-05-07,-0.023831723417745088
2026-05-08,0.004857601327380445
2026-05-11,-0.011944076303039508
2026-05-12,-0.008614197208494323
2026-05-13,-0.01798804493684225
2026-05-14,0.007159877581903729
2026-05-15,-0.006066178531782929
2026-05-18,-0.0017373254213578493
2026-05-19,-0.01523935448874425
2026-05-20,0.01765559820747198
2026-05-21,0.0016576828525676213
2026-05-22,-0.008105826062482446
2026-05-25,0.006520628795187555
2026-05-26,-0.004341476891502549
2026-05-27,-0.004785122516125062
2026-05-28,-0.003874954479242576
2026-05-29,-0.007283092372460165
2026-06-01,-0.009149078187216664
2026-06-02,0.011614536754201543
2026-06-03,-0.022198877139806394
2026-06-05,-0.007702649547058349
2026-06-08,-0.0020707731083488
2026-06-09,0.0067825148663951396
2026-06-10,-0.007031263801946852
2026-06-11,0.01706806469021882
2026-06-12,-0.0021224861076286627
2026-06-15,-0.004195567190430793
2026-06-16,-0.004494909485667331
2026-06-17,-0.007043955460981244
2026-06-18,-0.00104479561185844
2026-06-19,0.0017708791404700275
2026-06-22,0.010642084282460162
2026-06-23,0.005218054821858331
2026-06-24,-0.0043910101074979835
2026-06-25,0.008697590128264432
2026-06-26,0.00758765044479337
2026-06-29,-0.0005193456245131678
2026-06-30,-0.006818509858260491
2026-07-01,-0.0019474026879969797
2026-07-02,0.006398924800074646
